cluster_id	cluster_name	parent_id	region	mad_x	abundance	region_final	col
C4-274	C4-274 Mid-3 GLU-1 OTP SIM1	C3-100	MAM	3.79092480682525	0.0195019015910414		
C4-275	C4-275 Mid-3 GLU-1 OTP ZIC2	C3-100	MAM	3.79092480682525	0.0195019015910414		
C4-276	C4-276 Mid-3 GLU-1 OTP MEIS1	C3-100	MAM	3.79092480682525	0.0195019015910414		
C4-277	C4-277 Mid-3 GLU-2 CBLN2 PTPRC	C3-101	IMH	29.4071152767829	0.0612788687254515	IMH	#889945
C4-278	C4-278 Mid-3 GLU-2 CBLN2 EBF1	C3-101	IMH	29.4071152767829	0.0612788687254515	IMH	#889945
C4-279	C4-279 Mid-3 GLU-2 CBLN2 ONECUT3	C3-101	IMH	29.4071152767829	0.0612788687254515	IMH	#889945
C4-280	C4-280 Mid-3 GLU-2 CBLN2 SIM2	C3-101	IMH	29.4071152767829	0.0612788687254515	IMH	#889945
C4-281	C4-281 Mid-3 GLU-2 CBLN2 ADAMTS12	C3-101	IMH	29.4071152767829	0.0612788687254515	IMH	#889945
C4-282	C4-282 Mid-3 GLU-2 OTP EBF1	C3-102	Vent 1	14.4846910394134	0.0416345709008697	Vent	#CC1FBB
C4-283	C4-283 Mid-3 GLU-2 OTP AGTR1	C3-102	Vent 1	14.4846910394134	0.0416345709008697	Vent	#CC1FBB
C4-284	C4-284 Mid-3 GLU-2 OTP ADAM2	C3-102	Vent 1	14.4846910394134	0.0416345709008697	Vent	#CC1FBB
C4-285	C4-285 Mid-3 GLU-2 OTP NXPH2	C3-102	Vent 1	14.4846910394134	0.0416345709008697	Vent	#CC1FBB
C4-286	C4-286 Mid-3 GLU-2 EBF2 LRP2	C3-103	MedHy 3	79.9099903600266	0.334594593817336	MedHy	#CC3D7D
C4-287	C4-287 Mid-3 GLU-2 EBF2 EBF1	C3-103	MedHy 3	79.9099903600266	0.334594593817336	MedHy	#CC3D7D
C4-288	C4-288 Mid-3 GLU-2 ITGA8 RORB	C3-104	MedHy 1	34.8529505916694	0.0966875594649365	MedHy	#CC3D7D
C4-289	C4-289 Mid-3 GLU-2 ITGA8 LRP2	C3-104	MedHy 1	34.8529505916694	0.0966875594649365	MedHy	#CC3D7D
C4-290	C4-290 Mid-3 GLU-2 ONECUT3 CARTPT	C3-105	MedHy 3	22.7112459807918	0.132223073044964	MedHy	#CC3D7D
C4-291	C4-291 Mid-3 GLU-2 ONECUT3 ZIC2	C3-105	MedHy 3	22.7112459807918	0.132223073044964	MedHy	#CC3D7D
C4-292	C4-292 Mid-3 GLU-2 ONECUT3 SIM2	C3-105	MedHy 3	22.7112459807918	0.132223073044964	MedHy	#CC3D7D
C4-293	C4-293 Mid-3 GLU-3 AVP AGRP	C3-106	PVN/SON	113.999592111972	0.507571092518841	PVN/SON	#884599
C4-294	C4-294 Mid-3 GLU-3 AVP TEX41	C3-106	PVN/SON	113.999592111972	0.507571092518841	PVN/SON	#884599
C4-295	C4-295 Mid-3 GLU-3 AVP NTS	C3-106	PVN/SON	113.999592111972	0.507571092518841	PVN/SON	#884599
C4-296	C4-296 Mid-3 GLU-3 AVP TFPI2	C3-106	PVN/SON	113.999592111972	0.507571092518841	PVN/SON	#884599
C4-297	C4-297 Mid-3 GLU-3 AVP PGF	C3-106	PVN/SON	113.999592111972	0.507571092518841	PVN/SON	#884599
C4-298	C4-298 Mid-3 GLU-3 AVP SLC17A7	C3-106	PVN/SON	113.999592111972	0.507571092518841	PVN/SON	#884599
C4-299	C4-299 Mid-3 GLU-3 SLITRK6 TAFA4	C3-107	TMN	8.4757632282376	0.037709009696983	TMN	#3D61CC
C4-300	C4-300 Mid-3 GLU-3 SLITRK6 CRH	C3-107	TMN	8.4757632282376	0.037709009696983	TMN	#3D61CC
C4-301	C4-301 Mid-3 GLU-3 SLITRK6 NPSR1	C3-107	TMN	8.4757632282376	0.037709009696983	TMN	#3D61CC
C4-302	C4-302 Mid-3 GLU-3 SLITRK6 FIGN	C3-107	TMN	8.4757632282376	0.037709009696983	TMN	#3D61CC
C4-303	C4-303 Mid-3 GLU-3 SLITRK6 FBN2	C3-107	TMN	8.4757632282376	0.037709009696983	TMN	#3D61CC
C4-304	C4-304 Mid-3 GLU-3 CD36 EBF1	C3-108	TMN	4.40855990362886	0.0229873180042692		
C4-305	C4-305 Mid-3 GLU-3 CD36 SPTLC3	C3-108	TMN	4.40855990362886	0.0229873180042692		
C4-306	C4-306 Mid-3 GLU-3 CD36 LMCD1	C3-108	TMN	4.40855990362886	0.0229873180042692		
C4-307	C4-307 Mid-3 GLU-3 METTL11B CALCR	C3-109	ME	0.379455476504142	0.00104170864335578		
C4-308	C4-308 Mid-3 GLU-3 METTL11B TMEM244	C3-109	ME	0.379455476504142	0.00104170864335578		
C4-309	C4-309 Mid-3 GLU-3 METTL11B ADGRG4	C3-109	ME	0.379455476504142	0.00104170864335578		
C4-310	C4-310 Mid-3 GLU-3 OR10AG1 KCNMB2	C3-110	Fornix/LH 2	0.157967775919551	0.00053742128369132		
C4-311	C4-311 Mid-3 GLU-3 OR10AG1 DACH1	C3-110	Fornix/LH 2	0.157967775919551	0.00053742128369132		
C4-312	C4-312 Mid-3 GLU-4 MEDAG	C3-111	PVN/SON	259.485528859881	4.22203740465521	PVN/SON	#884599
C4-313	C4-313 Mid-3 GLU-4 OXT	C3-112	PVN/SON	70.9685033911313	1.35057978261285	PVN/SON	#884599
C4-314	C4-314 Mid-3 GLU-5 AGTR1	C3-113	PVN/SON	95.5046126632173	2.83952108484436	PVN/SON	#884599
C4-315	C4-315 Mid-3 GLU-5 TRH	C3-113	PVN/SON	95.5046126632173	2.83952108484436	PVN/SON	#884599
C4-316	C4-316 Mid-2 GLU-1 CHST9 NMBR	C3-114	MedHy 3	87.392852447917	0.140230576198263	MedHy	#CC3D7D
C4-317	C4-317 Mid-2 GLU-1 CHST9 LHX9	C3-114	MedHy 3	87.392852447917	0.140230576198263	MedHy	#CC3D7D
C4-318	C4-318 Mid-2 GLU-1 CHST9 CYP19A1	C3-114	MedHy 3	87.392852447917	0.140230576198263	MedHy	#CC3D7D
C4-319	C4-319 Mid-2 GLU-1 CHST9 PROX1	C3-114	MedHy 3	87.392852447917	0.140230576198263	MedHy	#CC3D7D
C4-320	C4-320 Mid-2 GLU-1 ITGA2 ANKRD30A	C3-115	ARC	2.54969427168388	0.00894883912628858		
C4-321	C4-321 Mid-2 GLU-1 ITGA2 LEF1	C3-115	ARC	2.54969427168388	0.00894883912628858		
C4-322	C4-322 Mid-2 GLU-1 ITGA2 RASSF6	C3-115	ARC	2.54969427168388	0.00894883912628858		
C4-323	C4-323 Mid-2 GLU-1 ITGA2 SLC17A8	C3-115	ARC	2.54969427168388	0.00894883912628858		
C4-324	C4-324 Mid-2 GLU-1 ITGA2 ONECUT3	C3-115	ARC	2.54969427168388	0.00894883912628858		
C4-325	C4-325 Mid-2 GLU-1 ITGA2 PRLH	C3-115	ARC	2.54969427168388	0.00894883912628858		
C4-326	C4-326 Mid-2 GLU-1 SOX14 ADCYAP1	C3-116	MedHy 3	72.4690523572018	0.160685694404235	MedHy	#CC3D7D
C4-327	C4-327 Mid-2 GLU-1 SOX14 COL4A6	C3-116	MedHy 3	72.4690523572018	0.160685694404235	MedHy	#CC3D7D
C4-328	C4-328 Mid-2 GLU-1 SOX14 CYP19A1	C3-116	MedHy 3	72.4690523572018	0.160685694404235	MedHy	#CC3D7D
C4-329	C4-329 Mid-2 GLU-1 LHX9 OTP	C3-117	TMN	62.4162622640478	0.335708566218722	TMN	#3D61CC
C4-330	C4-330 Mid-2 GLU-1 LHX9 NPVF	C3-117	TMN	62.4162622640478	0.335708566218722	TMN	#3D61CC
C4-331	C4-331 Mid-2 GLU-1 LHX9 HCRT	C3-117	TMN	62.4162622640478	0.335708566218722	TMN	#3D61CC
C4-332	C4-332 Mid-2 GLU-2 CALB1 RXFP2	C3-118	VMH	1480.91576556294	3.66797438603008	VMH	#26FFBE
C4-333	C4-333 Mid-2 GLU-2 CALB1 ONECUT1	C3-118	VMH	1480.91576556294	3.66797438603008	VMH	#26FFBE
C4-334	C4-334 Mid-2 GLU-2 CALB1 TINAG	C3-118	VMH	1480.91576556294	3.66797438603008	VMH	#26FFBE
C4-335	C4-335 Mid-2 GLU-2 CALB1 TLL1	C3-118	VMH	1480.91576556294	3.66797438603008	VMH	#26FFBE
C4-336	C4-336 Mid-2 GLU-2 CALB1 IQGAP2	C3-118	VMH	1480.91576556294	3.66797438603008	VMH	#26FFBE
C4-337	C4-337 Mid-2 GLU-2 CALB1 SATB2	C3-118	VMH	1480.91576556294	3.66797438603008	VMH	#26FFBE
C4-338	C4-338 Mid-2 GLU-2 CALB1 RASSF6	C3-118	VMH	1480.91576556294	3.66797438603008	VMH	#26FFBE
C4-339	C4-339 Mid-2 GLU-2 MEGF10 IQGAP2	C3-119	VMH	105.575237839233	0.110762560990391	VMH	#26FFBE
C4-340	C4-340 Mid-2 GLU-2 MEGF10 IGFBP7	C3-119	VMH	105.575237839233	0.110762560990391	VMH	#26FFBE
C4-341	C4-341 Mid-2 GLU-2 MEGF10 MDFIC	C3-119	VMH	105.575237839233	0.110762560990391	VMH	#26FFBE
C4-342	C4-342 Mid-2 GLU-2 MEGF10 NR5A2	C3-119	VMH	105.575237839233	0.110762560990391	VMH	#26FFBE
C4-343	C4-343 Mid-2 GLU-2 ARHGAP42 ADAMTSL1	C3-120	VMH	2082.05612500338	8.79851939006023	VMH	#26FFBE
C4-344	C4-344 Mid-2 GLU-2 ARHGAP42 QRFPR	C3-120	VMH	2082.05612500338	8.79851939006023	VMH	#26FFBE
C4-345	C4-345 Mid-2 GLU-2 ARHGAP42 COL15A1	C3-120	VMH	2082.05612500338	8.79851939006023	VMH	#26FFBE
C4-346	C4-346 Mid-2 GLU-2 ARHGAP42 SHISAL2B	C3-120	VMH	2082.05612500338	8.79851939006023	VMH	#26FFBE
C4-347	C4-347 Mid-2 GLU-2 SLC22A10 GSTA1	C3-121	VMH	237.681536789238	0.896668828358785	VMH	#26FFBE
C4-348	C4-348 Mid-2 GLU-2 SLC22A10 WDR64	C3-121	VMH	237.681536789238	0.896668828358785	VMH	#26FFBE
C4-349	C4-349 Mid-2 GLU-2 SLC22A10 CCBE1	C3-121	VMH	237.681536789238	0.896668828358785	VMH	#26FFBE
C4-350	C4-350 Mid-2 GLU-2 SLC22A10 PGR	C3-121	VMH	237.681536789238	0.896668828358785	VMH	#26FFBE
C4-351	C4-351 Mid-2 GLU-2 PGR SATB2	C3-122	VMH	300.340173297582	0.642614192165244	VMH	#26FFBE
C4-352	C4-352 Mid-2 GLU-2 PGR ONECUT1	C3-122	VMH	300.340173297582	0.642614192165244	VMH	#26FFBE
C4-353	C4-353 Mid-2 GLU-2 PGR DCN	C3-122	VMH	300.340173297582	0.642614192165244	VMH	#26FFBE
C4-354	C4-354 Mid-2 GLU-2 PGR PENK	C3-122	VMH	300.340173297582	0.642614192165244	VMH	#26FFBE
C4-355	C4-355 Mid-2 GABA-GLU-1 RGS22 AGRP	C3-123	ARC	161.630430223387	0.472631061575767	ARC	#993E17
C4-356	C4-356 Mid-2 GABA-GLU-1 RGS22 GPC3	C3-123	ARC	161.630430223387	0.472631061575767	ARC	#993E17
C4-357	C4-357 Mid-2 GABA-GLU-1 RGS22 NPY	C3-123	ARC	161.630430223387	0.472631061575767	ARC	#993E17
C4-358	C4-358 Mid-2 GABA-GLU-1 RGS22 POU6F2	C3-123	ARC	161.630430223387	0.472631061575767	ARC	#993E17
C4-359	C4-359 Mid-2 GABA-GLU-1 RGS22 NDNF	C3-123	ARC	161.630430223387	0.472631061575767	ARC	#993E17
C4-360	C4-360 Mid-2 GABA-GLU-1 P2RX2 RND3	C3-124	LTN	4700.60673278228	9.56312530824901	LTN	#179924
C4-361	C4-361 Mid-2 GABA-GLU-1 P2RX2 SNTG2	C3-124	LTN	4700.60673278228	9.56312530824901	LTN	#179924
C4-362	C4-362 Mid-2 GABA-GLU-2 NTS	C3-125	Vent 1	16.6033072683943	0.119199144234667	Vent	#CC1FBB
C4-363	C4-363 Mid-2 GABA-GLU-2 PPP1R17 ADGRG6	C3-126	SCN	31.4270715059858	0.131405058247827	SCN	#C2CC00
C4-364	C4-364 Mid-2 GABA-GLU-2 PPP1R17 TAFA4	C3-126	SCN	31.4270715059858	0.131405058247827	SCN	#C2CC00
C4-365	C4-365 Mid-2 GABA-GLU-2 PPP1R17 LMO1	C3-126	SCN	31.4270715059858	0.131405058247827	SCN	#C2CC00
C4-366	C4-366 Mid-2 GABA-GLU-2 PPP1R17 CCBE1	C3-126	SCN	31.4270715059858	0.131405058247827	SCN	#C2CC00
C4-367	C4-367 Mid-2 GABA-GLU-2 PPP1R17 NPY	C3-126	SCN	31.4270715059858	0.131405058247827	SCN	#C2CC00
C4-368	C4-368 Mid-2 GABA-GLU-2 PPP1R17 SFRP1	C3-126	SCN	31.4270715059858	0.131405058247827	SCN	#C2CC00
C4-369	C4-369 Mid-2 GLU-3 PDZRN4 MLIP	C3-127	TMN	227.050007252345	0.730433014007693	TMN	#3D61CC
C4-370	C4-370 Mid-2 GLU-3 PDZRN4 PMCH	C3-127	TMN	227.050007252345	0.730433014007693	TMN	#3D61CC
C4-371	C4-371 Mid-2 GLU-3 PDZRN4 SULF1	C3-127	TMN	227.050007252345	0.730433014007693	TMN	#3D61CC
C4-372	C4-372 Mid-2 GLU-3 PMCH	C3-128	TMN	8.19182444167787	9.24443238898894	TMN	#3D61CC
C4-373	C4-373 Mid-2 GABA-GLU-3 POMC PRDM12	C3-129	ARC	307.477486907588	2.10878130649536	ARC	#993E17
C4-374	C4-374 Mid-2 GABA-GLU-3 POMC CALCR	C3-129	ARC	307.477486907588	2.10878130649536	ARC	#993E17
C4-375	C4-375 Mid-2 GABA-GLU-3 POMC ANKRD30A	C3-129	ARC	307.477486907588	2.10878130649536	ARC	#993E17
C4-376	C4-376 Mid-2 GABA-GLU-3 PDGFD PGR	C3-130	ARC	260.512013698877	0.808554796635544	ARC	#993E17
C4-377	C4-377 Mid-2 GABA-GLU-3 PDGFD ALDH1A1	C3-130	ARC	260.512013698877	0.808554796635544	ARC	#993E17
C4-378	C4-378 Mid-2 GABA-GLU-3 PDGFD CALCRL	C3-130	ARC	260.512013698877	0.808554796635544	ARC	#993E17
C4-379	C4-379 Mid-2 GABA-GLU-3 PDGFD HMCN1	C3-130	ARC	260.512013698877	0.808554796635544	ARC	#993E17
C4-380	C4-380 Mid-2 GABA-GLU-3 PDGFD WIF1	C3-130	ARC	260.512013698877	0.808554796635544	ARC	#993E17
C4-381	C4-381 Mid-2 GABA-GLU-3 LEF1 NTS	C3-131	TMN	14.9699181661427	0.0380664905169014	TMN	#3D61CC
C4-382	C4-382 Mid-2 GABA-GLU-3 LEF1 IL1RAPL2	C3-131	TMN	14.9699181661427	0.0380664905169014	TMN	#3D61CC
C4-383	C4-383 Mid-2 GABA-GLU-3 LEF1 MUC7	C3-131	TMN	14.9699181661427	0.0380664905169014	TMN	#3D61CC
C4-384	C4-384 Mid-2 GABA-GLU-3 PGR ANKRD30A	C3-132	ARC	200.358342593106	0.740726383419352	ARC	#993E17
C4-385	C4-385 Mid-2 GABA-GLU-3 PGR DNAH11	C3-132	ARC	200.358342593106	0.740726383419352	ARC	#993E17
C4-386	C4-386 Mid-2 GABA-GLU-3 PGR MECOM	C3-132	ARC	200.358342593106	0.740726383419352	ARC	#993E17
C4-387	C4-387 Mid-2 GABA-GLU-3 PGR TRPC6	C3-132	ARC	200.358342593106	0.740726383419352	ARC	#993E17
C4-388	C4-388 Mid-2 GABA-GLU-3 PGR CALCR	C3-132	ARC	200.358342593106	0.740726383419352	ARC	#993E17
C4-389	C4-389 Mid-2 GABA-GLU-3 PGR TGFBR2	C3-132	ARC	200.358342593106	0.740726383419352	ARC	#993E17
C4-390	C4-390 Mid-2 GABA-GLU-3 PGR TAC1	C3-132	ARC	200.358342593106	0.740726383419352	ARC	#993E17
C4-391	C4-391 Mid-2 GABA-GLU-3 PGR TAC3	C3-132	ARC	200.358342593106	0.740726383419352	ARC	#993E17
C4-392	C4-392 Mid-2 GLU-4 ANKRD30A MBNL3	C3-133	LTN	5.5755111967072	0.0203689429666201	LTN	#179924
C4-393	C4-393 Mid-2 GLU-4 ANKRD30A ADAMTSL3	C3-133	LTN	5.5755111967072	0.0203689429666201	LTN	#179924
C4-394	C4-394 Mid-2 GLU-4 ANKRD30A CASR	C3-133	LTN	5.5755111967072	0.0203689429666201	LTN	#179924
C4-395	C4-395 Mid-2 GLU-4 WNT7B MCTP2	C3-134	ARC	6.28580633349749	0.0165440902376974	ARC	#993E17
C4-396	C4-396 Mid-2 GLU-4 WNT7B PRRX1	C3-134	ARC	6.28580633349749	0.0165440902376974	ARC	#993E17
C4-397	C4-397 Mid-2 GLU-4 WNT7B GNB4	C3-134	ARC	6.28580633349749	0.0165440902376974	ARC	#993E17
C4-398	C4-398 Mid-2 GLU-4 WNT7B HMCN1	C3-134	ARC	6.28580633349749	0.0165440902376974	ARC	#993E17
C4-399	C4-399 Mid-2 GLU-4 WNT7B DCN	C3-134	ARC	6.28580633349749	0.0165440902376974	ARC	#993E17
C4-400	C4-400 Mid-2 GLU-4 WNT7B NPY	C3-134	ARC	6.28580633349749	0.0165440902376974	ARC	#993E17
C4-401	C4-401 Mid-2 GLU-4 WNT7B TBX3	C3-134	ARC	6.28580633349749	0.0165440902376974	ARC	#993E17
C4-402	C4-402 Mid-2 GLU-4 HDC TECRL	C3-135	TMN	222.50641256781	3.2374019789594	TMN	#3D61CC
C4-403	C4-403 Mid-2 GLU-4 HDC GPR101	C3-135	TMN	222.50641256781	3.2374019789594	TMN	#3D61CC
C4-404	C4-404 Mid-2 GLU-4 HDC PDK4	C3-135	TMN	222.50641256781	3.2374019789594	TMN	#3D61CC
C4-405	C4-405 Mid-2 GLU-4 EYA4 HDC	C3-136	MAM	57.3196644990925	0.184633622015438	MAM	#FFE926
C4-406	C4-406 Mid-2 GLU-4 EYA4 NPNT	C3-136	MAM	57.3196644990925	0.184633622015438	MAM	#FFE926
C4-407	C4-407 Post-2 GLU-1 ADGRL4 IGF2BP2	C3-137	LPOA	0.184843274456968	0.00245509810153873		
C4-408	C4-408 Post-2 GLU-1 ADGRL4 IL1RAPL2	C3-137	LPOA	0.184843274456968	0.00245509810153873		
C4-409	C4-409 Post-2 GLU-1 KIT MCTP2	C3-138	Fornix/LH 1	1.61116604902106	0.00759912736268964		
C4-410	C4-410 Post-2 GLU-1 KIT LAMA1	C3-138	Fornix/LH 1	1.61116604902106	0.00759912736268964		
C4-411	C4-411 Post-2 GLU-1 SALL3 PVALB	C3-139	LPOA	54.3626351546204	0.368211227965057	LPOA	#FF73C7
C4-412	C4-412 Post-2 GLU-1 SALL3 TAC3	C3-139	LPOA	54.3626351546204	0.368211227965057	LPOA	#FF73C7
C4-413	C4-413 Post-2 GLU-1 SALL3 DMRTA2	C3-139	LPOA	54.3626351546204	0.368211227965057	LPOA	#FF73C7
C4-414	C4-414 Post-2 GLU-2 TAC3	C3-140	Fornix/OT 2	0.0114470265439713	0.000313812902456853		
C4-415	C4-415 Post-2 GLU-2 BTNL9	C3-140	Fornix/OT 2	0.0114470265439713	0.000313812902456853		
C4-1	C4-1 Pre-1 GABA-8 PRKCH EYA1	C3-22	Blood vessels	0.150361678748292	0.000985615253500311		
C4-2	C4-2 Pre-1 GABA-8 PRKCH PDYN	C3-22	Blood vessels	0.150361678748292	0.000985615253500311		
C4-3	C4-3 Pre-1 GABA-8 PRKCH EYA2	C3-22	Blood vessels	0.150361678748292	0.000985615253500311		
C4-4	C4-4 Pre-1 GABA-8 PRKCH PTPRQ	C3-22	Blood vessels	0.150361678748292	0.000985615253500311		
C4-5	C4-5 Pre-1 GABA-8 DRD1 OPN4	C3-23	LTN	109.090261370626	0.342910422504168	LTN	#179924
C4-6	C4-6 Pre-1 GABA-8 DRD1 TACR3	C3-23	LTN	109.090261370626	0.342910422504168	LTN	#179924
C4-7	C4-7 Pre-1 GABA-8 SLC1A3 AQP4	C3-24	LTN	31.1427757279016	0.112591052808322	LTN	#179924
C4-8	C4-8 Pre-1 GABA-8 SLC1A3 CALCRL	C3-24	LTN	31.1427757279016	0.112591052808322	LTN	#179924
C4-9	C4-9 Pre-1 GABA-8 SLC1A3 DCDC2C	C3-24	LTN	31.1427757279016	0.112591052808322	LTN	#179924
C4-10	C4-10 Pre-1 GABA-8 SLC1A3 PTPRQ	C3-24	LTN	31.1427757279016	0.112591052808322	LTN	#179924
C4-11	C4-11 Pre-1 GABA-8 SLC1A3 HGF	C3-24	LTN	31.1427757279016	0.112591052808322	LTN	#179924
C4-12	C4-12 Pre-1 GABA-8 SLC1A3 PDYN	C3-24	LTN	31.1427757279016	0.112591052808322	LTN	#179924
C4-13	C4-13 Pre-1 GABA-8 DRD2 EYA2	C3-25	LTN	1.13882246500339	0.00940315498667439		
C4-14	C4-14 Pre-1 GABA-8 DRD2 P2RY1	C3-25	LTN	1.13882246500339	0.00940315498667439		
C4-15	C4-15 Pre-1 GABA-1 SEMA3C CXCL14	C3-26	LTN	261.564368830161	0.415215853233665	LTN	#179924
C4-16	C4-16 Pre-1 GABA-1 SEMA3C ITGA8	C3-26	LTN	261.564368830161	0.415215853233665	LTN	#179924
C4-17	C4-17 Pre-1 GABA-1 SEMA3C PTPN14	C3-26	LTN	261.564368830161	0.415215853233665	LTN	#179924
C4-18	C4-18 Pre-1 GABA-1 SEMA3C CAV1	C3-26	LTN	261.564368830161	0.415215853233665	LTN	#179924
C4-19	C4-19 Pre-1 GABA-1 SEMA3C SEMA3E	C3-26	LTN	261.564368830161	0.415215853233665	LTN	#179924
C4-20	C4-20 Pre-1 GABA-1 SEMA3C PDYN	C3-26	LTN	261.564368830161	0.415215853233665	LTN	#179924
C4-21	C4-21 Pre-1 GABA-1 SEMA3C TAC3	C3-26	LTN	261.564368830161	0.415215853233665	LTN	#179924
C4-22	C4-22 Pre-1 GABA-1 SEMA3C GNG7	C3-26	LTN	261.564368830161	0.415215853233665	LTN	#179924
C4-23	C4-23 Pre-1 GABA-1 SEMA3C HGF	C3-26	LTN	261.564368830161	0.415215853233665	LTN	#179924
C4-24	C4-24 Pre-1 GABA-1 SEMA3C CFH	C3-26	LTN	261.564368830161	0.415215853233665	LTN	#179924
C4-25	C4-25 Pre-1 GABA-1 SEMA3C COL15A1	C3-26	LTN	261.564368830161	0.415215853233665	LTN	#179924
C4-26	C4-26 Pre-1 GABA-1 PRKCH RXFP2	C3-27	VMH	3.0300481038183	0.0157032161537982		
C4-27	C4-27 Pre-1 GABA-1 PRKCH DCDC2C	C3-27	VMH	3.0300481038183	0.0157032161537982		
C4-28	C4-28 Pre-1 GABA-1 PRKCH EBF1	C3-27	VMH	3.0300481038183	0.0157032161537982		
C4-29	C4-29 Pre-1 GABA-1 PRKCH PWWP3B	C3-27	VMH	3.0300481038183	0.0157032161537982		
C4-30	C4-30 Pre-1 GABA-1 KCNH8 PTPRQ	C3-28	VMH	3.99684370554833	0.0159231906477032		
C4-31	C4-31 Pre-1 GABA-1 KCNH8 SLC17A8	C3-28	VMH	3.99684370554833	0.0159231906477032		
C4-32	C4-32 Pre-1 GABA-1 KCNH8 DCDC2C	C3-28	VMH	3.99684370554833	0.0159231906477032		
C4-33	C4-33 Pre-1 GABA-2 EYA2 CXCL14	C3-29	LTN	28.5293803950092	0.084053322776658	LTN	#179924
C4-34	C4-34 Pre-1 GABA-2 EYA2 MCOLN3	C3-29	LTN	28.5293803950092	0.084053322776658	LTN	#179924
C4-35	C4-35 Pre-1 GABA-2 EYA2 RXFP1	C3-29	LTN	28.5293803950092	0.084053322776658	LTN	#179924
C4-36	C4-36 Pre-1 GABA-2 EYA2 CAV1	C3-29	LTN	28.5293803950092	0.084053322776658	LTN	#179924
C4-37	C4-37 Pre-1 GABA-2 EYA2 SNTB1	C3-29	LTN	28.5293803950092	0.084053322776658	LTN	#179924
C4-38	C4-38 Pre-1 GABA-2 EYA2 EPHA3	C3-29	LTN	28.5293803950092	0.084053322776658	LTN	#179924
C4-39	C4-39 Pre-1 GABA-2 EYA2 PDYN	C3-29	LTN	28.5293803950092	0.084053322776658	LTN	#179924
C4-40	C4-40 Pre-1 GABA-2 SLC22A10 NDST4	C3-30	LTN	348.469217857617	0.952879392002471	LTN	#179924
C4-41	C4-41 Pre-1 GABA-2 SLC22A10 LOXHD1	C3-30	LTN	348.469217857617	0.952879392002471	LTN	#179924
C4-42	C4-42 Pre-1 GABA-2 CXCL14 CALCRL	C3-31	LTN	12.9164720592089	0.0391130159355548	LTN	#179924
C4-43	C4-43 Pre-1 GABA-2 CXCL14 FAM160A1	C3-31	LTN	12.9164720592089	0.0391130159355548	LTN	#179924
C4-44	C4-44 Pre-1 GABA-3 PRDM16 SLC24A4	C3-32	Vent 1	6.61728007059081	0.0222273749814934	Vent	#CC1FBB
C4-45	C4-45 Pre-1 GABA-3 PRDM16 LHX8	C3-32	Vent 1	6.61728007059081	0.0222273749814934	Vent	#CC1FBB
C4-46	C4-46 Pre-1 GABA-3 PAX6 SCGN	C3-33	LTN	28.2703361322537	0.0990864521913663	LTN	#179924
C4-47	C4-47 Pre-1 GABA-3 PAX6 SPHKAP	C3-33	LTN	28.2703361322537	0.0990864521913663	LTN	#179924
C4-48	C4-48 Pre-1 GABA-3 CRH BNC2	C3-34	LH/LPOA	1.98753385950394	0.0175813488073314		
C4-49	C4-49 Pre-1 GABA-3 CRH SCGN	C3-34	LH/LPOA	1.98753385950394	0.0175813488073314		
C4-50	C4-50 Pre-1 GABA-3 CRH VIPR2	C3-34	LH/LPOA	1.98753385950394	0.0175813488073314		
C4-51	C4-51 Pre-1 GABA-3 CRH PDYN	C3-34	LH/LPOA	1.98753385950394	0.0175813488073314		
C4-52	C4-52 Pre-1 GABA-3 TBL1Y SOX6	C3-35	IMH	44.8012664224085	0.0589337247818829	IMH	#889945
C4-53	C4-53 Pre-1 GABA-3 TBL1Y CRH	C3-35	IMH	44.8012664224085	0.0589337247818829	IMH	#889945
C4-54	C4-54 Pre-1 GABA-4 TTN	C3-36	LTN	3.10611443679222	0.0152932148854763		
C4-55	C4-55 Pre-1 GABA-4 PENK	C3-36	LTN	3.10611443679222	0.0152932148854763		
C4-56	C4-56 Pre-1 GABA-5 FAP	C3-37	LTN	3.01691376530879	0.00943565262386208		
C4-57	C4-57 Pre-1 GABA-5 EBF1	C3-37	LTN	3.01691376530879	0.00943565262386208		
C4-58	C4-58 Pre-1 GABA-6	C3-38	LTN	12.3446461606928	0.0620135203889899	LTN	#179924
C4-59	C4-59 Pre-1 GABA-7 DCDC2C SMOC2	C3-39	LTN	50.0455256243768	0.111713284275314	LTN	#179924
C4-60	C4-60 Pre-1 GABA-7 DCDC2C TENT5A	C3-39	LTN	50.0455256243768	0.111713284275314	LTN	#179924
C4-61	C4-61 Pre-1 GABA-7 FREM2	C3-40	LTN	42.5142491701325	0.113407257605007	LTN	#179924
C4-62	C4-62 Mid-1 GABA-1 SHISAL2B	C3-41	Vent 1	60.8573918265879	0.295087810492028	Vent	#CC1FBB
C4-63	C4-63 Mid-1 GABA-1 BRS3	C3-41	Vent 1	60.8573918265879	0.295087810492028	Vent	#CC1FBB
C4-64	C4-64 Mid-1 GABA-1 NR5A2	C3-41	Vent 1	60.8573918265879	0.295087810492028	Vent	#CC1FBB
C4-65	C4-65 Mid-1 GABA-1 HGF	C3-41	Vent 1	60.8573918265879	0.295087810492028	Vent	#CC1FBB
C4-66	C4-66 Mid-1 GABA-2 LGR5 NMS	C3-42	SCN	1977.25027724688	8.72648718586934	SCN	#C2CC00
C4-67	C4-67 Mid-1 GABA-2 LGR5 NTS	C3-42	SCN	1977.25027724688	8.72648718586934	SCN	#C2CC00
C4-68	C4-68 Mid-1 GABA-2 LGR5 LGALS3	C3-42	SCN	1977.25027724688	8.72648718586934	SCN	#C2CC00
C4-69	C4-69 Mid-1 GABA-2 LGR5 MKX	C3-42	SCN	1977.25027724688	8.72648718586934	SCN	#C2CC00
C4-70	C4-70 Mid-1 GABA-2 LGR5 SEMA3D	C3-42	SCN	1977.25027724688	8.72648718586934	SCN	#C2CC00
C4-71	C4-71 Mid-1 GABA-2 CLMP TAC3	C3-43	SCN	39.6613786813936	0.0752003831539517	SCN	#C2CC00
C4-72	C4-72 Mid-1 GABA-2 CLMP NFIX	C3-43	SCN	39.6613786813936	0.0752003831539517	SCN	#C2CC00
C4-73	C4-73 Mid-1 GABA-2 CLMP ONECUT1	C3-43	SCN	39.6613786813936	0.0752003831539517	SCN	#C2CC00
C4-74	C4-74 Mid-1 GABA-2 CLMP ADAMTSL1	C3-43	SCN	39.6613786813936	0.0752003831539517	SCN	#C2CC00
C4-75	C4-75 Mid-1 GABA-2 CLMP SCGN	C3-43	SCN	39.6613786813936	0.0752003831539517	SCN	#C2CC00
C4-76	C4-76 Mid-1 GABA-2 CLMP MBNL3	C3-43	SCN	39.6613786813936	0.0752003831539517	SCN	#C2CC00
C4-77	C4-77 Mid-1 GABA-2 ERFL DISC1FP1	C3-44	MedHy 3	8.07200912827952	0.0519164928068901	MedHy	#CC3D7D
C4-78	C4-78 Mid-1 GABA-2 ERFL COL8A1	C3-44	MedHy 3	8.07200912827952	0.0519164928068901	MedHy	#CC3D7D
C4-79	C4-79 Mid-1 GABA-2 ERFL TEX41	C3-44	MedHy 3	8.07200912827952	0.0519164928068901	MedHy	#CC3D7D
C4-80	C4-80 Mid-1 GABA-2 ERFL TH	C3-44	MedHy 3	8.07200912827952	0.0519164928068901	MedHy	#CC3D7D
C4-81	C4-81 Mid-1 GABA-2 FAM9B ADAMTSL1	C3-45	SCN	23.2667083942179	0.036555582449364	SCN	#C2CC00
C4-82	C4-82 Mid-1 GABA-2 FAM9B ONECUT1	C3-45	SCN	23.2667083942179	0.036555582449364	SCN	#C2CC00
C4-83	C4-83 Mid-1 GABA-2 PMFBP1 CHST9	C3-46	MedHy 3	25.8389729356835	0.0847205841894445	MedHy	#CC3D7D
C4-84	C4-84 Mid-1 GABA-2 PMFBP1 PDE11A	C3-46	MedHy 3	25.8389729356835	0.0847205841894445	MedHy	#CC3D7D
C4-85	C4-85 Mid-1 GABA-2 PMFBP1 FAM9B	C3-46	MedHy 3	25.8389729356835	0.0847205841894445	MedHy	#CC3D7D
C4-86	C4-86 Mid-1 GABA-2 PMFBP1 ARHGAP36	C3-46	MedHy 3	25.8389729356835	0.0847205841894445	MedHy	#CC3D7D
C4-87	C4-87 Mid-1 GABA-2 SIX6	C3-47	MedHy 1	55.435865428876	0.063360517722141	MedHy	#CC3D7D
C4-88	C4-88 Mid-1 GABA-3 LHX1 PDZRN4	C3-48	LH/LPOA	2.65038141127579	0.0188705852231637		
C4-89	C4-89 Mid-1 GABA-3 LHX1 CDH23	C3-48	LH/LPOA	2.65038141127579	0.0188705852231637		
C4-90	C4-90 Mid-1 GABA-3 LHX1 STK32B	C3-48	LH/LPOA	2.65038141127579	0.0188705852231637		
C4-91	C4-91 Mid-1 GABA-3 LHX1 PTGFR	C3-48	LH/LPOA	2.65038141127579	0.0188705852231637		
C4-92	C4-92 Mid-1 GABA-3 LHX1 PAX6	C3-48	LH/LPOA	2.65038141127579	0.0188705852231637		
C4-93	C4-93 Mid-1 GABA-3 ZNF385D ZIC2	C3-49	MedHy 3	38.3270810189802	0.0635947731016014	MedHy	#CC3D7D
C4-94	C4-94 Mid-1 GABA-3 ZNF385D GAL	C3-49	MedHy 3	38.3270810189802	0.0635947731016014	MedHy	#CC3D7D
C4-95	C4-95 Mid-1 GABA-3 ZNF385D POU6F2	C3-49	MedHy 3	38.3270810189802	0.0635947731016014	MedHy	#CC3D7D
C4-96	C4-96 Mid-1 GABA-3 ZNF385D SOX6	C3-49	MedHy 3	38.3270810189802	0.0635947731016014	MedHy	#CC3D7D
C4-97	C4-97 Mid-1 GABA-3 ZNF385D ONECUT1	C3-49	MedHy 3	38.3270810189802	0.0635947731016014	MedHy	#CC3D7D
C4-98	C4-98 Mid-1 GABA-3 ZNF385D NPSR1	C3-49	MedHy 3	38.3270810189802	0.0635947731016014	MedHy	#CC3D7D
C4-99	C4-99 Mid-1 GABA-3 LHX6 TEX41	C3-50	LH/LPOA	7.66659343661281	0.0277217417071851	LH/LPOA	#0D00FF
C4-100	C4-100 Mid-1 GABA-3 LHX6 BHLHE22	C3-50	LH/LPOA	7.66659343661281	0.0277217417071851	LH/LPOA	#0D00FF
C4-101	C4-101 Mid-1 GABA-3 LHX6 PROX1	C3-50	LH/LPOA	7.66659343661281	0.0277217417071851	LH/LPOA	#0D00FF
C4-102	C4-102 Mid-1 GABA-3 LHX6 LHX1	C3-50	LH/LPOA	7.66659343661281	0.0277217417071851	LH/LPOA	#0D00FF
C4-103	C4-103 Mid-1 GABA-3 LHX6 FIGN	C3-50	LH/LPOA	7.66659343661281	0.0277217417071851	LH/LPOA	#0D00FF
C4-104	C4-104 Mid-1 GABA-3 NR2F1 RORB	C3-51	MedHy 3	23.535615644791	0.0739808936985893	MedHy	#CC3D7D
C4-105	C4-105 Mid-1 GABA-3 NR2F1 CCK	C3-51	MedHy 3	23.535615644791	0.0739808936985893	MedHy	#CC3D7D
C4-106	C4-106 Mid-1 GABA-3 NR2F1 NDST4	C3-51	MedHy 3	23.535615644791	0.0739808936985893	MedHy	#CC3D7D
C4-107	C4-107 Mid-1 GABA-3 ECEL1 POU6F2	C3-52	MedHy 3	56.141041262315	0.254421086552218	MedHy	#CC3D7D
C4-108	C4-108 Mid-1 GABA-3 ECEL1 FIGN	C3-52	MedHy 3	56.141041262315	0.254421086552218	MedHy	#CC3D7D
C4-109	C4-109 Mid-1 GABA-3 ECEL1 ST18	C3-52	MedHy 3	56.141041262315	0.254421086552218	MedHy	#CC3D7D
C4-110	C4-110 Mid-1 GABA-3 ECEL1 GPC3	C3-52	MedHy 3	56.141041262315	0.254421086552218	MedHy	#CC3D7D
C4-111	C4-111 Mid-1 GABA-3 ECEL1 ABI3BP	C3-52	MedHy 3	56.141041262315	0.254421086552218	MedHy	#CC3D7D
C4-112	C4-112 Mid-1 GABA-3 ECEL1 NDST4	C3-52	MedHy 3	56.141041262315	0.254421086552218	MedHy	#CC3D7D
C4-113	C4-113 Mid-1 GABA-3 SFRP1 TAFA4	C3-53	MAM	12.8311685146408	0.0251441106262306	MAM	#FFE926
C4-114	C4-114 Mid-1 GABA-3 SFRP1 RELN	C3-53	MAM	12.8311685146408	0.0251441106262306	MAM	#FFE926
C4-115	C4-115 Mid-1 GABA-3 SFRP1 THSD7B	C3-53	MAM	12.8311685146408	0.0251441106262306	MAM	#FFE926
C4-116	C4-116 Mid-1 GABA-4 NTS CALCR	C3-54	MedHy 1	73.0824467612675	0.207572907003524	MedHy	#CC3D7D
C4-117	C4-117 Mid-1 GABA-4 NTS SATB2	C3-54	MedHy 1	73.0824467612675	0.207572907003524	MedHy	#CC3D7D
C4-118	C4-118 Mid-1 GABA-4 NTS ABCG2	C3-54	MedHy 1	73.0824467612675	0.207572907003524	MedHy	#CC3D7D
C4-119	C4-119 Mid-1 GABA-4 NTS BRS3	C3-54	MedHy 1	73.0824467612675	0.207572907003524	MedHy	#CC3D7D
C4-120	C4-120 Mid-1 GABA-4 OR8A1 SCGN	C3-55	IMH	1802.86463575055	10.1828771394877	IMH	#889945
C4-121	C4-121 Mid-1 GABA-4 OR8A1 SNTB1	C3-55	IMH	1802.86463575055	10.1828771394877	IMH	#889945
C4-122	C4-122 Mid-1 GABA-4 OR8A1 POU6F2	C3-55	IMH	1802.86463575055	10.1828771394877	IMH	#889945
C4-123	C4-123 Mid-1 GABA-4 HMX3 KISS1	C3-56	MedHy 1	133.698465942369	0.353297029890375	MedHy	#CC3D7D
C4-124	C4-124 Mid-1 GABA-4 HMX3 ADAMTS6	C3-56	MedHy 1	133.698465942369	0.353297029890375	MedHy	#CC3D7D
C4-125	C4-125 Mid-1 GABA-4 HMX3 GPC3	C3-56	MedHy 1	133.698465942369	0.353297029890375	MedHy	#CC3D7D
C4-126	C4-126 Mid-1 GABA-4 HMX3 COL4A4	C3-56	MedHy 1	133.698465942369	0.353297029890375	MedHy	#CC3D7D
C4-127	C4-127 Mid-1 GABA-4 HMX3 HMCN1	C3-56	MedHy 1	133.698465942369	0.353297029890375	MedHy	#CC3D7D
C4-128	C4-128 Mid-1 GABA-4 HMX3 HMCN1	C3-56	MedHy 1	133.698465942369	0.353297029890375	MedHy	#CC3D7D
C4-129	C4-129 Mid-1 GABA-4 HMX3 CYSLTR2	C3-56	MedHy 1	133.698465942369	0.353297029890375	MedHy	#CC3D7D
C4-130	C4-130 Mid-1 GABA-5 TRPC4 NPSR1	C3-57	TMN	44.8300171213951	0.160405842886039	TMN	#3D61CC
C4-131	C4-131 Mid-1 GABA-5 TRPC4 SLC38A11	C3-57	TMN	44.8300171213951	0.160405842886039	TMN	#3D61CC
C4-132	C4-132 Mid-1 GABA-5 TRPC4 TAC3	C3-57	TMN	44.8300171213951	0.160405842886039	TMN	#3D61CC
C4-133	C4-133 Mid-1 GABA-5 TRPC4 NTS	C3-57	TMN	44.8300171213951	0.160405842886039	TMN	#3D61CC
C4-134	C4-134 Mid-1 GABA-5 TRPC4 LEF1	C3-57	TMN	44.8300171213951	0.160405842886039	TMN	#3D61CC
C4-135	C4-135 Mid-1 GABA-5 GAL ACVR1C	C3-58	ARC	152.871747964895	0.746297342273916	ARC	#993E17
C4-136	C4-136 Mid-1 GABA-5 GAL PGR	C3-58	ARC	152.871747964895	0.746297342273916	ARC	#993E17
C4-137	C4-137 Mid-1 GABA-5 DLK1 FIGN	C3-59	MedHy 3	24.3160268796349	0.0502771106126408	MedHy	#CC3D7D
C4-138	C4-138 Mid-1 GABA-5 DLK1 GAL	C3-59	MedHy 3	24.3160268796349	0.0502771106126408	MedHy	#CC3D7D
C4-139	C4-139 Mid-1 GABA-5 DLK1 SOX6	C3-59	MedHy 3	24.3160268796349	0.0502771106126408	MedHy	#CC3D7D
C4-140	C4-140 Mid-1 GABA-5 DLK1 EBF1	C3-59	MedHy 3	24.3160268796349	0.0502771106126408	MedHy	#CC3D7D
C4-141	C4-141 Mid-1 GABA-5 DLK1 SEMA3C	C3-59	MedHy 3	24.3160268796349	0.0502771106126408	MedHy	#CC3D7D
C4-142	C4-142 Mid-1 GABA-5 RORB VGF	C3-60	IMH	32.2998458347994	0.0458064203202117	IMH	#889945
C4-143	C4-143 Mid-1 GABA-5 RORB GAL	C3-60	IMH	32.2998458347994	0.0458064203202117	IMH	#889945
C4-144	C4-144 Mid-1 GABA-5 RORB GLI3	C3-60	IMH	32.2998458347994	0.0458064203202117	IMH	#889945
C4-145	C4-145 Mid-1 GABA-5 RORB CGNL1	C3-60	IMH	32.2998458347994	0.0458064203202117	IMH	#889945
C4-146	C4-146 Mid-1 GABA-5 FOXD2 ROR1	C3-61	ARC	47.7246137114144	0.135029408581021	ARC	#993E17
C4-147	C4-147 Mid-1 GABA-5 FOXD2 NPW	C3-61	ARC	47.7246137114144	0.135029408581021	ARC	#993E17
C4-148	C4-148 Mid-1 GABA-5 FOXD2 GABRE	C3-61	ARC	47.7246137114144	0.135029408581021	ARC	#993E17
C4-149	C4-149 Mid-1 GABA-6 ADAMTSL1 MDFIC	C3-62	LTN	98.0555731282281	0.179731963393965	LTN	#179924
C4-150	C4-150 Mid-1 GABA-6 ADAMTSL1 HMCN1	C3-62	LTN	98.0555731282281	0.179731963393965	LTN	#179924
C4-151	C4-151 Mid-1 GABA-6 TRHDE RELN	C3-63	MAM	0.210086518599513	0.0125510405943108		
C4-152	C4-152 Mid-1 GABA-6 TRHDE CALCR	C3-63	MAM	0.210086518599513	0.0125510405943108		
C4-153	C4-153 Mid-1 GABA-6 TRHDE TAC3	C3-63	MAM	0.210086518599513	0.0125510405943108		
C4-154	C4-154 Mid-1 GABA-6 TRHDE LEF1	C3-63	MAM	0.210086518599513	0.0125510405943108		
C4-155	C4-155 Mid-1 GABA-6 SLC10A4 NOX4	C3-64	LTN	78.449285536827	0.190860813561216	LTN	#179924
C4-156	C4-156 Mid-1 GABA-6 SLC10A4 BHLHE22	C3-64	LTN	78.449285536827	0.190860813561216	LTN	#179924
C4-157	C4-157 Mid-1 GABA-6 SLC10A4 CHST9	C3-64	LTN	78.449285536827	0.190860813561216	LTN	#179924
C4-158	C4-158 Mid-1 GABA-6 IL13RA1 SST	C3-65	ARC	279.872150820818	1.0089726056961	ARC	#993E17
C4-159	C4-159 Mid-1 GABA-6 IL13RA1 PDZRN4	C3-65	ARC	279.872150820818	1.0089726056961	ARC	#993E17
C4-160	C4-160 Mid-1 GABA-6 IL13RA1 GHRH	C3-65	ARC	279.872150820818	1.0089726056961	ARC	#993E17
C4-161	C4-161 Mid-1 GABA-6 IL13RA1 GHRH	C3-65	ARC	279.872150820818	1.0089726056961	ARC	#993E17
C4-162	C4-162 Mid-1 GABA-7 KCNH8 GAL	C3-66	MedHy 3	31.1318126650123	0.0850712364896335	MedHy	#CC3D7D
C4-163	C4-163 Mid-1 GABA-7 KCNH8 MORC1	C3-66	MedHy 3	31.1318126650123	0.0850712364896335	MedHy	#CC3D7D
C4-164	C4-164 Mid-1 GABA-7 KCNH8 PCDH11Y	C3-66	MedHy 3	31.1318126650123	0.0850712364896335	MedHy	#CC3D7D
C4-165	C4-165 Mid-1 GABA-7 KCNH8 NPSR1	C3-66	MedHy 3	31.1318126650123	0.0850712364896335	MedHy	#CC3D7D
C4-166	C4-166 Mid-1 GABA-7 TRABD2B	C3-67	MedHy 3	12.9836014143575	0.0603472048605211	MedHy	#CC3D7D
C4-167	C4-167 Mid-1 GABA-8	C3-68	LH/LPOA	10.9340754198798	0.121494035992226	LH/LPOA	#0D00FF
C4-168	C4-168 Pre-2 GABA-1 TAC3 CTXND1	C3-69	LH/LPOA	7.00185155864565	0.0227447337841921	LH/LPOA	#0D00FF
C4-169	C4-169 Pre-2 GABA-1 TAC3 RERGL	C3-69	LH/LPOA	7.00185155864565	0.0227447337841921	LH/LPOA	#0D00FF
C4-170	C4-170 Pre-2 GABA-1 IL1RAPL2 KMO	C3-70	LTN	56.0748528344181	0.136982714156463	LTN	#179924
C4-171	C4-171 Pre-2 GABA-1 IL1RAPL2 SST	C3-70	LTN	56.0748528344181	0.136982714156463	LTN	#179924
C4-172	C4-172 Pre-2 GABA-1 IL1RAPL2 CHST9	C3-70	LTN	56.0748528344181	0.136982714156463	LTN	#179924
C4-173	C4-173 Pre-2 GABA-2 MDFIC CHRDL1	C3-71	MedHy 3	22.2514331501497	0.0886129780469977	MedHy	#CC3D7D
C4-174	C4-174 Pre-2 GABA-2 MDFIC GBX1	C3-71	MedHy 3	22.2514331501497	0.0886129780469977	MedHy	#CC3D7D
C4-175	C4-175 Pre-2 GABA-2 MDFIC CALCR	C3-71	MedHy 3	22.2514331501497	0.0886129780469977	MedHy	#CC3D7D
C4-176	C4-176 Pre-2 GABA-2 MDFIC ROR1	C3-71	MedHy 3	22.2514331501497	0.0886129780469977	MedHy	#CC3D7D
C4-177	C4-177 Pre-2 GABA-2 MDFIC NMU	C3-71	MedHy 3	22.2514331501497	0.0886129780469977	MedHy	#CC3D7D
C4-178	C4-178 Pre-2 GABA-2 LHX8 CDH23	C3-72	LH/LPOA	74.6653569077328	0.115887227420973	LH/LPOA	#0D00FF
C4-179	C4-179 Pre-2 GABA-2 LHX8 SCGN	C3-72	LH/LPOA	74.6653569077328	0.115887227420973	LH/LPOA	#0D00FF
C4-180	C4-180 Pre-2 GABA-2 LHX8 SULF1	C3-72	LH/LPOA	74.6653569077328	0.115887227420973	LH/LPOA	#0D00FF
C4-181	C4-181 Pre-2 GABA-2 LHX8 KCNU1	C3-72	LH/LPOA	74.6653569077328	0.115887227420973	LH/LPOA	#0D00FF
C4-182	C4-182 Pre-2 GABA-2 LHX8 CALCR	C3-72	LH/LPOA	74.6653569077328	0.115887227420973	LH/LPOA	#0D00FF
C4-183	C4-183 Pre-2 GABA-3 NXPH2 HCRTR2	C3-73	LPOA	8.25372933697099	0.0266602636351889	LPOA	#FF73C7
C4-184	C4-184 Pre-2 GABA-3 NXPH2 NPY	C3-73	LPOA	8.25372933697099	0.0266602636351889	LPOA	#FF73C7
C4-185	C4-185 Pre-2 GABA-3 NXPH2 CXCL14	C3-73	LPOA	8.25372933697099	0.0266602636351889	LPOA	#FF73C7
C4-186	C4-186 Pre-2 GABA-3 NXPH2 C1QL2	C3-73	LPOA	8.25372933697099	0.0266602636351889	LPOA	#FF73C7
C4-187	C4-187 Pre-2 GABA-3 NXPH2 SST	C3-73	LPOA	8.25372933697099	0.0266602636351889	LPOA	#FF73C7
C4-188	C4-188 Pre-2 GABA-3 GBX1 MEIS1	C3-74	LPOA	581.803752920859	5.31416686007364	LPOA	#FF73C7
C4-189	C4-189 Pre-2 GABA-3 GBX1 ETV1	C3-74	LPOA	581.803752920859	5.31416686007364	LPOA	#FF73C7
C4-190	C4-190 Pre-2 GABA-3 GBX1 ADAMTS12	C3-74	LPOA	581.803752920859	5.31416686007364	LPOA	#FF73C7
C4-191	C4-191 Pre-2 GABA-3 GBX1 PTTG1	C3-74	LPOA	581.803752920859	5.31416686007364	LPOA	#FF73C7
C4-192	C4-192 Pre-2 GABA-3 GBX1 CASR	C3-74	LPOA	581.803752920859	5.31416686007364	LPOA	#FF73C7
C4-193	C4-193 Pre-2 GABA-3 GBX1 BMPR1B	C3-74	LPOA	581.803752920859	5.31416686007364	LPOA	#FF73C7
C4-194	C4-194 Pre-2 CHOL-1 BMPR1B	C3-75	LPOA	57.834756425624	0.148661086909219	LPOA	#FF73C7
C4-195	C4-195 Pre-2 CHOL-1 MEPE	C3-76	LPOA	683.630355250608	4.04450945996365	LPOA	#FF73C7
C4-196	C4-196 Pre-2 GABA-4 FIGN SOX6	C3-77	VMH	0.54161343010904	0.0100489850566672		
C4-197	C4-197 Pre-2 GABA-4 FIGN CYP19A1	C3-77	VMH	0.54161343010904	0.0100489850566672		
C4-198	C4-198 Pre-2 GABA-4 FIGN COL12A1	C3-77	VMH	0.54161343010904	0.0100489850566672		
C4-199	C4-199 Pre-2 GABA-4 FIGN NXPH2	C3-77	VMH	0.54161343010904	0.0100489850566672		
C4-200	C4-200 Pre-2 GABA-4 LHX6 ZIC2	C3-78	MAM	4.96198428175929	0.0208620447432622		
C4-201	C4-201 Pre-2 GABA-4 LHX6 CASR	C3-78	MAM	4.96198428175929	0.0208620447432622		
C4-202	C4-202 Pre-2 GABA-4 LHX6 NPY	C3-78	MAM	4.96198428175929	0.0208620447432622		
C4-203	C4-203 Pre-2 GABA-4 LHX6 SLC7A3	C3-78	MAM	4.96198428175929	0.0208620447432622		
C4-204	C4-204 Pre-2 GABA-4 LHX6 IGF1	C3-78	MAM	4.96198428175929	0.0208620447432622		
C4-205	C4-205 Pre-2 GABA-4 LHX6 EYS	C3-78	MAM	4.96198428175929	0.0208620447432622		
C4-206	C4-206 Pre-2 GABA-4 LHX6 NR0B1	C3-78	MAM	4.96198428175929	0.0208620447432622		
C4-207	C4-207 Pre-2 GABA-4 SATB2 TNS3	C3-79	IMH	9.81830873016236	0.0266495351359336	IMH	#889945
C4-208	C4-208 Pre-2 GABA-4 SATB2 SLC22A10	C3-79	IMH	9.81830873016236	0.0266495351359336	IMH	#889945
C4-209	C4-209 Pre-2 GABA-4 CHST9 SATB2	C3-80	LH/LPOA	3.79072349319046	0.0189596021891169		
C4-210	C4-210 Pre-2 GABA-4 CHST9 TMEM255A	C3-80	LH/LPOA	3.79072349319046	0.0189596021891169		
C4-211	C4-211 Pre-2 GABA-4 POSTN	C3-81	IMH	1.2395952618557	0.013743518864729		
C4-212	C4-212 Post-1 GLU-1 EBF2 BNC2	C3-82	Fornix/OT 2	-0.00702355658023871	0.000252732478900411		
C4-213	C4-213 Post-1 GLU-1 EBF2 TAC1	C3-82	Fornix/OT 2	-0.00702355658023871	0.000252732478900411		
C4-214	C4-214 Post-1 GLU-1 EBF2 THSD7B	C3-82	Fornix/OT 2	-0.00702355658023871	0.000252732478900411		
C4-215	C4-215 Post-1 GLU-1 EBF2 SCGN	C3-82	Fornix/OT 2	-0.00702355658023871	0.000252732478900411		
C4-216	C4-216 Post-1 GLU-1 EBF2 POSTN	C3-82	Fornix/OT 2	-0.00702355658023871	0.000252732478900411		
C4-217	C4-217 Post-1 GLU-1 ZEB2 POSTN	C3-83	LH/LPOA	2.95124017371875	0.0165037321496404		
C4-218	C4-218 Post-1 GLU-1 ZEB2 FREM2	C3-83	LH/LPOA	2.95124017371875	0.0165037321496404		
C4-219	C4-219 Post-1 GLU-1 ZEB2 SLC26A7	C3-83	LH/LPOA	2.95124017371875	0.0165037321496404		
C4-220	C4-220 Post-1 GLU-1 ZEB2 VIP	C3-83	LH/LPOA	2.95124017371875	0.0165037321496404		
C4-221	C4-221 Post-1 GLU-1 ZEB2 IGF1	C3-83	LH/LPOA	2.95124017371875	0.0165037321496404		
C4-222	C4-222 Post-1 GLU-1 ZEB2 SST	C3-83	LH/LPOA	2.95124017371875	0.0165037321496404		
C4-223	C4-223 Post-1 GLU-1 ZNF676 EBF2	C3-84	ME	-0.00841136581940197	4.95686981904897e-05		
C4-224	C4-224 Post-1 GLU-1 ZNF676 NXPH2	C3-84	ME	-0.00841136581940197	4.95686981904897e-05		
C4-225	C4-225 Post-1 GLU-1 ZNF676 HMCN1	C3-84	ME	-0.00841136581940197	4.95686981904897e-05		
C4-226	C4-226 Post-1 GLU-1 ZNF676 IRX6	C3-84	ME	-0.00841136581940197	4.95686981904897e-05		
C4-227	C4-227 Post-1 GLU-1 ZNF676 BNC2	C3-84	ME	-0.00841136581940197	4.95686981904897e-05		
C4-228	C4-228 Post-1 GLU-1 ZNF676 POU6F2	C3-84	ME	-0.00841136581940197	4.95686981904897e-05		
C4-229	C4-229 Post-1 GLU-1 ZNF676 CDH23	C3-84	ME	-0.00841136581940197	4.95686981904897e-05		
C4-230	C4-230 Post-1 GLU-1 EBF2 IL1RAPL2	C3-85	MAM	23.7158424038925	0.056570165604353	MAM	#FFE926
C4-231	C4-231 Post-1 GLU-1 EBF2 PLEKHH2	C3-85	MAM	23.7158424038925	0.056570165604353	MAM	#FFE926
C4-232	C4-232 Post-1 GLU-2 CRYBG3 THSD7B	C3-86	MAM	2.14563024378761	0.0155749674940792		
C4-233	C4-233 Post-1 GLU-2 CRYBG3 STXBP6	C3-86	MAM	2.14563024378761	0.0155749674940792		
C4-234	C4-234 Post-1 GLU-2 IL1RAPL2 NWD2	C3-87	MedHy 3	10.3821880213324	0.0655183378935742	MedHy	#CC3D7D
C4-235	C4-235 Post-1 GLU-2 IL1RAPL2 TOX3	C3-87	MedHy 3	10.3821880213324	0.0655183378935742	MedHy	#CC3D7D
C4-236	C4-236 Post-1 GLU-2 IL1RAPL2 NTS	C3-87	MedHy 3	10.3821880213324	0.0655183378935742	MedHy	#CC3D7D
C4-237	C4-237 Post-1 GLU-2 IL1RAPL2 FIGN	C3-87	MedHy 3	10.3821880213324	0.0655183378935742	MedHy	#CC3D7D
C4-238	C4-238 Post-1 GLU-2 C1QL2 SPHKAP	C3-88	Vent 2	0.459130130549969	0.00152307208553182		
C4-239	C4-239 Post-1 GLU-2 C1QL2 NTS	C3-88	Vent 2	0.459130130549969	0.00152307208553182		
C4-240	C4-240 Post-1 GLU-2 C1QL2 ADAMTSL1	C3-88	Vent 2	0.459130130549969	0.00152307208553182		
C4-241	C4-241 Post-1 GLU-2 C1QL2 ADAMTSL1	C3-88	Vent 2	0.459130130549969	0.00152307208553182		
C4-242	C4-242 Post-1 GLU-2 PAX7	C3-89	ME	-0.00762557282407828	5.12045134221902e-05		
C4-243	C4-243 Post-1 GLU-2 ADGRG4 NTS	C3-90	Vent 1	1.76214394212173	0.0142843886415658		
C4-244	C4-244 Post-1 GLU-2 ADGRG4 PTH2R	C3-90	Vent 1	1.76214394212173	0.0142843886415658		
C4-245	C4-245 Post-1 GLU-2 ADGRG4 TFAP2B	C3-90	Vent 1	1.76214394212173	0.0142843886415658		
C4-246	C4-246 Post-1 GLU-2 PGM5	C3-91	Vent 1	4.26292679902651	0.0209510583629286		
C4-247	C4-247 Post-1 GLU-3 AGTR1 EBF2	C3-92	MAM	2080.99311555824	7.86276206254959	MAM	#FFE926
C4-248	C4-248 Post-1 GLU-3 AGTR1 EPB41L4A	C3-92	MAM	2080.99311555824	7.86276206254959	MAM	#FFE926
C4-249	C4-249 Post-1 GLU-3 CBLN2 ADAMTS17	C3-93	MAM	74.9975767753242	0.137773401982073	MAM	#FFE926
C4-250	C4-250 Post-1 GLU-3 CBLN2 CHST9	C3-93	MAM	74.9975767753242	0.137773401982073	MAM	#FFE926
C4-251	C4-251 Post-1 GLU-3 CBLN2 CALCRL	C3-93	MAM	74.9975767753242	0.137773401982073	MAM	#FFE926
C4-252	C4-252 Post-1 GLU-4 THSD7B PTH2R	C3-94	Fornix/OT 1	0.171493160657879	0.000749600700505016		
C4-253	C4-253 Post-1 GLU-4 THSD7B SGCG	C3-94	Fornix/OT 1	0.171493160657879	0.000749600700505016		
C4-254	C4-254 Post-1 GLU-4 THSD7B FAM83B	C3-94	Fornix/OT 1	0.171493160657879	0.000749600700505016		
C4-255	C4-255 Post-1 GLU-4 THSD7B IL1RAPL2	C3-94	Fornix/OT 1	0.171493160657879	0.000749600700505016		
C4-256	C4-256 Post-1 GLU-4 CRNDE EBF2	C3-95	MAM	90.8194687284654	0.310549886631003	MAM	#FFE926
C4-257	C4-257 Post-1 GLU-4 CRNDE ADCYAP1	C3-95	MAM	90.8194687284654	0.310549886631003	MAM	#FFE926
C4-258	C4-258 Post-1 GLU-4 NDNF FBN2	C3-96	LH/LPOA	10.7312317809182	0.0669255478195872	LH/LPOA	#0D00FF
C4-259	C4-259 Post-1 GLU-4 NDNF COBLL1	C3-96	LH/LPOA	10.7312317809182	0.0669255478195872	LH/LPOA	#0D00FF
C4-260	C4-260 Mid-3 GLU-1 RSPO3 POU6F2	C3-97	LH/LPOA	36.6349830796784	0.140557413693461	LH/LPOA	#0D00FF
C4-261	C4-261 Mid-3 GLU-1 RSPO3 ROR1	C3-97	LH/LPOA	36.6349830796784	0.140557413693461	LH/LPOA	#0D00FF
C4-262	C4-262 Mid-3 GLU-1 RSPO3 NMBR	C3-97	LH/LPOA	36.6349830796784	0.140557413693461	LH/LPOA	#0D00FF
C4-263	C4-263 Mid-3 GLU-1 RSPO3 TGFBI	C3-97	LH/LPOA	36.6349830796784	0.140557413693461	LH/LPOA	#0D00FF
C4-264	C4-264 Mid-3 GLU-1 ONECUT3 AGTR1	C3-98	MAM	38.8220620211126	0.0647005920934801	MAM	#FFE926
C4-265	C4-265 Mid-3 GLU-1 ONECUT3 OPN5	C3-98	MAM	38.8220620211126	0.0647005920934801	MAM	#FFE926
C4-266	C4-266 Mid-3 GLU-1 DLK1 TAC1	C3-99	LH/LPOA	52.7670552777489	0.163368168363741	LH/LPOA	#0D00FF
C4-267	C4-267 Mid-3 GLU-1 DLK1 MBNL3	C3-99	LH/LPOA	52.7670552777489	0.163368168363741	LH/LPOA	#0D00FF
C4-268	C4-268 Mid-3 GLU-1 DLK1 EBF2	C3-99	LH/LPOA	52.7670552777489	0.163368168363741	LH/LPOA	#0D00FF
C4-269	C4-269 Mid-3 GLU-1 DLK1 CLDN1	C3-99	LH/LPOA	52.7670552777489	0.163368168363741	LH/LPOA	#0D00FF
C4-270	C4-270 Mid-3 GLU-1 DLK1 MEIS1	C3-99	LH/LPOA	52.7670552777489	0.163368168363741	LH/LPOA	#0D00FF
C4-271	C4-271 Mid-3 GLU-1 DLK1 ITGA8	C3-99	LH/LPOA	52.7670552777489	0.163368168363741	LH/LPOA	#0D00FF
C4-272	C4-272 Mid-3 GLU-1 DLK1 EMX2	C3-99	LH/LPOA	52.7670552777489	0.163368168363741	LH/LPOA	#0D00FF
C4-273	C4-273 Mid-3 GLU-1 DLK1 TSPEAR	C3-99	LH/LPOA	52.7670552777489	0.163368168363741	LH/LPOA	#0D00FF
